{"title":"Cat_Blast_Blocks_Lv134_Clickbait","icon":null,"fields":{},"assets":{},"sections":[],"preloader":{"fields":{"System.String":{"Playable Name":{"id":"parameter\/preloader\/name","title":"Playable Name","type":"string","defaultValue":[null],"constraints":{},"section":"Preloader","order":1,"localization":0,"options":{}}},"UnityEngine.Color":{"Background Color":{"id":"parameter\/preloader\/color","title":"Background Color","type":"color","defaultValue":[0,0,0,1],"constraints":{},"section":"Preloader","order":2,"localization":0,"options":{}}}},"assets":{"":{"id":"asset\/preloader\/icon","title":"","type":"texture","section":"Preloader","order":0}},"sections":[{"title":"Preloader","order":0,"fixed":1}]},"buildId":"d5f1c07a-6e1a-4c74-964d-da19932101f7"}